tag	ru	en	jiva	devakinandana	abhidhana	ggd
@mahaprabhu	Шри Чайтанья Махапрабху (Гаурачандра, Вишвамбхара)	Sri Chaitanya Mahaprabhu (Gaurachandra, Vishvambhara)	2, 4, 9, 11, 142, 149	6, 8	3, 5	26–34
@nityananda	Нитьянанда	Nityananda	4, 14–16, 19, 75, 125–128, 142, 145	10–12	6–7	58–64
@advaita	Адвайта Ачарья	Advaita Acharya	5, 31, 97, 140, 145	15, 99–100	11	76–80
@rupa-gosvami	Рупа Госвами	Rupa Gosvami	1, 5, 64–66, 146	53, 56	24	180
@sanatana-gosvami	Санатана Госвами	Sanatana Gosvami	1, 64, 67–69, 146	53, 56	23	182
@anupama	Валлабха (Анупама), отец Дживы	Vallabha (Anupama), Jiva's father	1	—	—	194–207
@jiva-gosvami	Джива Госвами	Jiva Gosvami	1, 6, 65, 153	54	24	194–207
@shachi	Шачи	Shachi	9, 53–54, 136	6	3	37
@jagannatha-mishra	Джаганнатха Мишра (Пурандара)	Jagannatha Mishra (Purandara)	9	6	3	37
@vishvarupa	Вишварупа (Шанкараранья)	Vishvarupa (Shankararanya)	9–10	6–7	3–4	58–62
@lakshmipriya	Лакшмиприя	Lakshmipriya	12, 53, 55	9, 40	5	45–46
@vishnupriya	Вишнуприя	Vishnupriya	12, 54	9, 41	5	47–48
@gadadhara-pandita	Гададхара Пандит	Gadadhara Pandita	12–13, 34, 146	9	5	147–153
@pundarika-vidyanidhi	Пундарика Видьянидхи	Pundarika Vidyanidhi	13, 47 (?)	16a, 31 (?)	14 (?)	54–56
@padmavati	Падмавати	Padmavati	14, 75, 145	10	6	40
@hadai-pandita	Хадаи (Хаддипа) Пандит, Мукунда	Hadai (Haddipa) Pandita, Mukunda	14	10	6	40
@vasudha	Васудха	Vasudha	17	12, 120	7	65–66
@suryadasa-pandita	Сурьядас Пандит (Саркхел)	Suryadasa Pandita (Sarakhela)	17, 119	120	42	65
@jahnava	Джахнава (Джахнави)	Jahnava (Jahnavi)	18–21, 23, 26, 142, 145	12, 120	7	65–66
@ananga-manjari	Ананга-манджари	Ananga-manjari	18	—	—	66
@gopinatha-deity-vrindavana	Гопинатха — Божество во Вриндаване	Gopinatha, the Deity of Vrindavana	20–21	—	—	—
@virabhadra	Вирабхадра (Вирачандра)	Virabhadra (Virachandra)	22–23	12–13	7	67–68
@ganga-nityananda	Ганга, дочь Нитьянанды	Ganga, Nityananda's daughter	24–26	138	—	69
@madhava-acharya-ganga	Мадхава Ачарья, супруг Ганги	Madhava Acharya, husband of Ganga	27–29	138	49 (?)	69
@ishvara-puri	Ишвара Пури	Ishvara Puri	18, 28, 56, 141–142	43	18	23, 25
@madhavendra-puri	Мадхавендра Пури	Madhavendra Puri	30, 140–144	14	11	22–25
@sita-thakurani	Сита Тхакурани	Sita Thakurani	32, 145	16	—	86
@achyutananda	Ачьютананда	Achyutananda	33–35	16	11	87–88
@srivasa	Шриваса (Шриниваса)	Srivasa (Srinivasa)	36	17	11	90
@malini	Малини	Malini	36	18	—	42
@narayani	Нараяни	Narayani	36–37	19, 126	—	43
@vrindavana-dasa	Вриндаван Дас	Vrindavana Dasa	37	126	36	109
@haridasa-thakura	Харидас Тхакур	Haridasa Thakura	38, 146	20	12	93–95
@jagadananda-pandita	Джагадананда Пандит	Jagadananda Pandita	38	62	25	51
@gopinatha-acharya	Гопинатха (Ачарья)	Gopinatha (Acharya)	39	21	11	75, 178
@murari-gupta	Мурари Гупта	Murari Gupta	39	22	12	91
@chandrashekhara-acharya	Чандрашекхара (Ачарьяратна)	Chandrashekhara (Acharyaratna)	40	23	11	112
—	Ачарьяратна (если не Чандрашекхара)	Acharyaratna (if not Chandrashekhara)	40, 93	23	—	103
—	Говинда (вместе с Гарудой)	Govinda (together with Garuda)	40	24	11 (?)	116
@garuda-pandita	Гаруда (Пандит)	Garuda (Pandita)	40, 52	24, 38	16	116–117
@mukunda-datta	Мукунда Датта	Mukunda Datta	41	25	12	140
@vasudeva-datta	Васудева Датта	Vasudeva Datta	42	26	12	140
@damodara-pandita	Дамодара Пандит	Damodara Pandita	43	27	12	159
@pitambara	Питамбара, брат Дамодары Пандита	Pitambara, Damodara Pandita's brother	43	27	13	168
—	Джаганнатха, брат Дамодары Пандита	Jagannatha, Damodara Pandita's brother	43	28	13	158 (?)
@shankara-pandita	Шанкара Пандит	Shankara Pandita	43	28	13	157
—	Нараяна, брат Дамодары Пандита	Narayana, Damodara Pandita's brother	43	28	13	—
@nilambara-chakravarti	Ниламбара Чакраварти	Nilambara Chakravarti	44	29	13	104–105
@srirama-pandita	Шри Рама Пандит	Sri Rama Pandita	45	30	13	90
@narayana-navadvipa	Нараяна (Гупта?)	Narayana (Gupta?)	45	30	12	—
@gangadasa-pandita	Гангадас Пандит, учитель	Gangadasa Pandita, the teacher	46	30	14	53
@vishnu-pandita	Вишну (Вишнудас) Пандит	Vishnu (Vishnudasa) Pandita	46	30	14	—
@sudarshana-pandita	Сударшана Пандит	Sudarshana Pandita	46	30	14	53
@sadashiva-pandita	Садашива (Пандит)	Sadashiva (Pandita)	47	31	14	—
@shrigarbha	Шригарбха	Shrigarbha	47	31	15	103
@shrinidhi	Шринидхи	Shrinidhi	47	31	15	103
@buddhimanta-khan	Буддхиманта Хан	Buddhimanta Khan	47	31	14	—
@shuklambara	Шукламбара Брахмачари	Shuklambara Brahmachari	47	32	15	191
—	Рамадас	Ramadasa	48	33	15	—
@kavichandra	Кавичандра	Kavichandra	48, 121	33, 122	15, 44	171
@vijaya-dasa	Виджая (писец)	Vijaya (the scribe)	49	33	16	—
—	Ратнешвара Ачарья	Ratneshvara Acharya	49	—	—	—
@nandana-acharya	Нандана Ачарья	Nandana Acharya	—	33	16, 34	—
@shridhara	Шридхара (Кхолавеча)	Shridhara (Kholaveca)	49, 117 (?)	34	15	133
@vanamali-vipra	Ванамали, нищий брахман, с сыном	Vanamali, the poor brahmana, with his son	49	35	15 (?)	114
@halayudha	Халаюдха (Тхакур)	Halayudha (Thakura)	50	36	15	134
—	Васудева (Бхадра)	Vasudeva (Bhadra)	50	36	17	—
@ishana-navadvipa	Ишана (Дас)	Ishana (Dasa)	50	37	16	—
@shriman-pandita	Шриман (Пандит)	Shriman (Pandita)	51	38	16	—
@mukunda-sanjaya	Санджая (Мукунда-Санджая?)	Sanjaya (Mukunda-Sanjaya?)	51	38	16	—
@kashishvara	Кашишвара (слуга Господа; Кашишвара Госвами)	Kashishvara (the Lord's servant; Kashishvara Gosvami)	52, 74, 147	38, 59	16, 23	137, 166
@jagadisha-pandita	Джагадиша Пандит	Jagadisha Pandita	52, 124	38, 125	16, 36	143
—	Гангадас (второй)	Gangadasa (the second)	52	39	17	111
—	Кришнананда (Навадвипа)	Krishnananda (of Navadvipa)	52	39	—	167
—	Рама и Мукунда	Rama and Mukunda	52	39	17	—
@vallabhacharya	Валлабхачарья (отец Лакшмиприи)	Vallabhacharya (Lakshmipriya's father)	53	40	17	44
@sanatana-mishra	Санатана Мишра (Пандит)	Sanatana Mishra (Pandita)	54	41	17	47
@kashinatha	Кашинатха (брахман)	Kashinatha (the brahmana)	55	42	18	50
@vanamali-acharya	Ванамали Ачарья	Vanamali Acharya	55	42	18	49
@keshava-bharati	Кешава Бхарати	Keshava Bharati	57	44	18	52, 117
@ramachandra-puri	Рамачандра Пури	Ramachandra Puri	58	45	19	92
@paramananda-puri	Парамананда Пури	Paramananda Puri	58, 141	46, 79 (?)	19, 30 (?)	118
@damodara-puri	Дамодара Пури	Damodara Puri	59	46	19 (?)	97
@narasimha-tirtha	Нарасимха (Нрисимхананда) Тиртха	Narasimha (Nrisimhananda) Tirtha	59	47	19	100
@sukhananda-puri	Сукхананда Пури	Sukhananda Puri	59	47	20	97
@govinda-puri	Говинда (Говиндананда) Пури	Govinda (Govindananda) Puri	60, 141	47	20	97
@brahmananda-puri	Брахмананда Пури	Brahmananda Puri	60	47	20	—
@nrisimha-puri	Нрисимха (Нрисимхананда) Пури / Бхарати	Nrisimha (Nrisimhananda) Puri / Bharati	60	48	23	100
@satyananda-bharati	Сатьянанда Бхарати	Satyananda Bharati	60	48	20	100
@garuda-avadhuta	Гаруда Авадхута	Garuda Avadhuta	61	48	21	101
@vishnu-puri	Вишну Пури	Vishnu Puri	61	49	22	—
@brahmananda-svarupa	Брахмананда Сварупа	Brahmananda Svarupa	62	50	21	—
@krishnananda-puri	Кришнананда Пури	Krishnananda Puri	62	50	23	97
@raghava-puri	Рагхава Пури	Raghava Puri	62	50	21	97
@vishveshvarananda	Вишвешварананда	Vishveshvarananda	63	51	22	—
@keshava-puri	Кешава Пури	Keshava Puri	63	52	21	97
@anubhavananda	Анубхавананда	Anubhavananda	63	52	22	—
@chidananda	Чидананда	Chidananda	63	—	22 (?)	100
@gopala-bhatta	Гопала Бхатта	Gopala Bhatta	67–69, 73	56	24	184
@raghunatha-dasa	Рагхунатха Дас Госвами	Raghunatha Dasa Gosvami	70, 147	55	24	185–186
@raghava-gosvami-govardhana	Рагхава Госвами (Говардхана)	Raghava Gosvami (of Govardhana)	71	55	25 (?)	162
@raghunatha-bhatta	Рагхунатха Бхатта	Raghunatha Bhatta	72	57, 136	25	185
@lokanatha	Локанатха Госвами	Lokanatha Gosvami	72	58	25	187
@bhugarbha	Бхугарбха	Bhugarbha	72	58	25	187
@prabodhananda-sarasvati	Прабодхананда Сарасвати	Prabodhananda Sarasvati	73	61	24	163
@shuddha-sarasvati	Шуддха Сарасвати	Shuddha Sarasvati	74	60	24	—
@raghava-pandita	Рагхава Пандит (Рагхавананда)	Raghava Pandita (Raghavananda)	74–75	63	25 (?)	166
@purandara-pandita	Пурандара Пандит	Purandara Pandita	76	64	25	91
@kashi-mishra	Каши Мишра	Kashi Mishra	77	65	26	193
@vaninatha-raya	Ванинатха (Паттанаяк)	Vaninatha (Pattanayaka)	78	65	26	—
@ramananda-raya	Рамананда Рай	Ramananda Raya	78–79, 148	67	26	120–124
@vakreshvara	Вакрешвара Пандит	Vakreshvara Pandita	80, 147	68	26	71–73
@govindananda	Говиндананда (Сугрива Мишра)	Govindananda (Sugriva Mishra)	81–82, 111	69	26	91
@gadadhara-dasa	Гададхара Дас	Gadadhara Dasa	83	70, 86, 91	27, 37 (?)	154–155
@sadashiva-kaviraja	Садашива Кавираджа	Sadashiva Kaviraja	84	71	27	156
@shivananda-sena	Шивананда Сен	Shivananda Sena	85	72–73	27	4, 176
@mukunda-dasa	Мукунда Дас (Шрикханда)	Mukunda Dasa (of Shrikhanda)	86–88	74	27	175
@raghunandana	Рагхунандана	Raghunandana	86, 90	76	28	70
@narahari-sarakara	Нарахари Саркар	Narahari Sarakara	89–90, 147	75	28	177
—	Рагхунатха (вайдья)	Raghunatha (the vaidya)	91	77	28	—
@purandara-acharya	Пурандара Ачарья	Purandara Acharya	91	78	29	—
@krishnadasa-akaihat	Кришнадас из Акаихата	Krishnadasa of Akaihat	91 (?)	79	29 (?)	—
—	Парамананда Пандит, однокашник Господа	Paramananda Pandita, the Lord's fellow student	92	79	30	—
@devananda-pandita	Девананда Пандит	Devananda Pandita	92	78	29	106
—	Ачарьячандра	Acharyachandra	—	78	29	—
@govinda-ghosha	Говинда Гхош	Govinda Ghosha	93	80, 91	30	188
@madhava-ghosha	Мадхава (Мадхавананда) Гхош	Madhava (Madhavananda) Ghosha	93	81	30	188
@vasu-ghosha	Васу (Васудева) Гхош	Vasu (Vasudeva) Ghosha	93	82	30	188
@purushottama-nagara	Пурушоттама Дас (Нагара), гуру Девакинанданы	Purushottama Dasa (Nagara), Devakinandana's guru	94	87–94	1, 31	131
@abhirama	Абхирама (Рамадас)	Abhirama (Ramadasa)	95	83	31	126
@sundarananda	Сундарананда	Sundarananda	96	84	31	127
@gauridasa-pandita	Гауридас Пандит	Gauridasa Pandita	97–98, 126	99, 135	32	128
@parameshvara-dasa	Парамешвара Дас	Parameshvara Dasa	99	85	31	132
@kamalakara-pippalai	Камалакара Пиппалаи	Kamalakara Pippalai	100	96	32	128
—	Пурушоттама (сын Ратнакары / «Тиртха»)	Purushottama (son of Ratnakara / "Tirtha")	101	97	33 (?)	—
@kaliya-krishnadasa	Калия (Кала) Кришнадас	Kaliya (Kala) Krishnadasa	101	95	32 (?)	132
@saranga-thakura	Саранга (Шарнга) Тхакур	Saranga (Sharnga) Thakura	102	101	35	172
@makaradhvaja-kara	Макарадхваджа Кара	Makaradhvaja Kara	103	101	35	141, 168
@bhagavatacharya	Бхагаватачарья	Bhagavatacharya	104	102	34	194–207
@kaviraja-mishra	Кавираджа Мишра	Kaviraja Mishra	104	102	33	—
@ananta-acharya	Ананта Ачарья	Ananta Acharya	104	102	—	165
@madhu-pandita	Мадху Пандит	Madhu Pandita	105, 115	102, 116	33	—
@govinda-acharya	Говинда Ачарья	Govinda Acharya	105	103	34	41
@sarvabhauma	Сарвабхаума Бхаттачарья	Sarvabhauma Bhattacharya	106, 148	104	34	119
@prataparudra	Пратапарудра	Prataparudra	106	105	35	118
—	Рагхунатха (Ядунатха), брахман	Raghunatha (Yadunatha), the brahmana	107	106	35	—
@vishnudasa-vaidya	Вишнудас, вайдья	Vishnudasa, the vaidya	107	106–107	37	—
@vanamali-dasa-vaidya	Ванамали Дас, брат Вишнудаса	Vanamali Dasa, Vishnudasa's brother	107	107–108	37	—
@vipradasa-odia	Випрадас из Уткалы	Vipradasa of Utkala	108	106	37	—
@dvija-haridasa	Харидас, брахман (Двиджа Харидас)	Haridasa the brahmana (Dvija Haridasa)	108	106	35	—
@kanai-khutiya	Канаи Кхутия	Kanai Khutiya	109	109	—	—
@jagannatha-dasa-odia	Джаганнатха (Дас), певец-ория	Jagannatha (Dasa), the Oriya singer	109–110	109, 111	38	—
@balarama-dasa-odia	Баларама (Дас), ория	Balarama (Dasa), the Oriya	109–110	109–110	38	—
—	Кашишвара (ория)	Kashishvara (the Oriya)	112	112	38	—
@simheshvara	Симхешвара	Simheshvara	112	112	39	—
—	Шивананда Пандит (ория)	Shivananda Pandita (the Oriya)	112	112	39	—
@chandaneshvara	Чанданешвара	Chandaneshvara	112	112	38	—
@madhava-pattanayaka	Мадхава Паттанаяк	Madhava Pattanayaka	113	114	40	—
@hari-bhatta	Хари Бхатта	Hari Bhatta	113	114	40	—
@baladeva-mahiti	Баладева (Баларама) Махити	Baladeva (Balarama) Mahiti	113	114	39	—
@subuddhi-mishra	Субуддхи Мишра	Subuddhi Mishra	114	113	39	194–207
@shrinatha-mishra	Шринатха Мишра	Shrinatha Mishra	114	113	39	171
@tulasi-mishra	Туласи Мишра	Tulasi Mishra	114	113	39	—
@kashinatha-mahiti	Кашинатха Махити	Kashinatha Mahiti	114	113	40	—
@ramananda-vasu	Рамананда Васу	Ramananda Vasu	115	115	40	173
@purushottama-brahmachari	Пурушоттама Брахмачари	Purushottama Brahmachari	115–116	116	40	—
—	Рамачандра, брахман	Ramachandra, the brahmana	117	117	41	—
—	Шрикара (Шридхара?) Пандит	Shrikara (Shridhara?) Pandita	117	117	41	—
@yadunatha-kavichandra	Ядунатха Кавичандра	Yadunatha Kavichandra	117	117	41	—
@dhananjaya-pandita	Дхананджая Пандит	Dhananjaya Pandita	117–118	118	41	127
—	Джаганнатха (Пандит, Ачарья)	Jagannatha (Pandita, Acharya)	119	119	42	111 (?)
—	Лакшмана Ачарья	Lakshmana Acharya	119	119	42	—
—	Кришнадас Пандит	Krishnadasa Pandita	91 (?), 119	119	29, 46	—
@vamshivadana	Вамшивадана	Vamshivadana	120	86	32	179
@murari-chaitanya-dasa	Мурари Чайтанья Дас	Murari Chaitanya Dasa	120	121	—	—
@jagannatha-sena	Джаганнатха Сен	Jagannatha Sena	121	122	43	194–207
@paramananda-gupta	Парамананда Гупта	Paramananda Gupta	121	122	43	194–207
—	Рамадас (Рама), мальчик	Ramadasa (Rama), the boy	121	122	44	145 (?)
—	Валлабха Сен / Валлабхачарья	Vallabha Sena / Vallabhacharya	122	123	44	—
@kamsari-sena	Камсари Сен	Kamsari Sena	122	123	43	194–207
@bhaskara-thakura	Бхаскара Тхакур	Bhaskara Thakura	122	123	43	114
@balarama-dasa-poet	Баларама Дас, певец	Balarama Dasa, the singer	123	124	44	—
@mahesha-pandita	Махеша Пандит	Mahesha Pandita	124	125	44	129
@krishnadasa-badagachhi	Кришнадас из Бадагачхи	Krishnadasa of Badagachhi	125–128	127	—	—
@paramananda-avadhuta	Парамананда Авадхута	Paramananda Avadhuta	128	128	45	—
—	Анади Гангадас (Пандит)	Anadi Gangadasa (Pandita)	129	129	45	—
—	Виласи Пандит	Vilasi Pandita	129	—	—	—
—	Ядунатха Дас	Yadunatha Dasa	129	129	46	—
@purushottama-tirtha	Пурушоттама Тиртха (Пури)	Purushottama Tirtha (Puri)	130	130	47	101
@jagannatha-tirtha	Джаганнатха Тиртха	Jagannatha Tirtha	130	130	47	100
@rama-tirtha	Рама Тиртха	Rama Tirtha	130	130	47	101
@raghunatha-tirtha	Рагхунатха Тиртха (Пури)	Raghunatha Tirtha (Puri)	130	130	47	97 (?)
@upendra-ashrama	Упендра Ашрама	Upendra Ashrama	130	131	48	101
@hariharananda	Харихарананда (Бхарати)	Hariharananda (Bharati)	130	131	48	—
@vasudeva-tirtha	Васудева Тиртха	Vasudeva Tirtha	131	131	48	101
@ananta-puri	Ананта Пури	Ananta Puri	131	131	48	97
—	Мукунда Кавираджа	Mukunda Kaviraja	131	132	45 (?)	—
—	Раджива Пандит	Rajiva Pandita	131	—	—	—
@jiva-pandita	Джива Пандит	Jiva Pandita	132	132	45	169
@shishu-krishnadasa	Шишу Кришнадас	Shishu Krishnadasa	133	133	46	—
@uddharana-datta	Уддхарана Датта	Uddharana Datta	134	98	33	129
@madhava-acharya-kavivallabha	Мадхава Ачарья, автор «Кришна-мангалы»	Madhava Acharya, author of the Krishna-mangala	135	134	49 (?)	169
—	Нрисимха Чайтанья Дас	Nrisimha Chaitanya Dasa	135	135	49	—
—	Кришнадас	Krishnadasa	135	—	—	—
@shankara-ghosha	Шанкара Гхош	Shankara Ghosha	136	137	49	142
@shivananda-chakravarti	Шивананда Чакраварти	Shivananda Chakravarti	137	139	49	183
—	Нараяна (Пайдари)	Narayana (Paidari)	137	139	49	—
@sankarshana-puri	Санкаршана Пури	Sankarshana Puri	140, 142	—	—	—
@pradyumna-mishra	Прадьюмна Мишра	Pradyumna Mishra	—	66	36	74
@bhavananda-raya	Бхавананда Рай	Bhavananda Raya	—	66	—	122
—	Каланидхи, Судханидхи, Гопинатха (братья Рамананды)	Kalanidhi, Sudhanidhi, Gopinatha (Ramananda's brothers)	—	66	—	—
@kavi-karnapura	Кави Карнапура и братья Чайтанья Дас, Рамадас	Kavi Karnapura and his brothers Chaitanya Dasa, Ramadasa	—	73	43 (?)	145
—	Гауридас-киртания	Gauridasa the kirtaniya	—	90	—	—
@purushottama-pandita	Пурушоттама Пандит	Purushottama Pandita	—	100	—	—
@krishnadasa-poet	Кришнадас, брат Гауридаса	Krishnadasa, Gauridasa's brother	—	135	32 (?)	—
—	Рамачандра Дас	Ramachandra Dasa	—	136	—	—
—	Мадхусудана Упадхьяя	Madhusudana Upadhyaya	—	—	28	—
—	Сриштидхара	Srishtidhara	—	—	30	—
@tapana-mishra	Тапана Мишра (Ачарья)	Tapana Mishra (Acharya)	—	—	36	—
@bhagavan-acharya	Бхагаван Ачарья	Bhagavan Acharya	—	—	36	74
@chiranjiva-sena	Чиранджива	Chiranjiva	—	—	46	194–207, 209
—	Кришна Тиртха	Krishna Tirtha	—	—	47	—
—	Мадхавананда Ачарья, Дас Санатана	Madhavananda Acharya, Dasa Sanatana	—	—	49	—
